{
    "rmse": 0.717346367876993,
    "mae": 0.5657799746126774,
    "r2": 0.24447832696180583
}