{
    "rmse": 0.7002115669224039,
    "mae": 0.5405719409670067,
    "r2": 0.22556272555373846
}